SpeciNum,round,UCR_ID,Inv_ID,site,siteNum,month,yr,massAcidOnly_g,Ca_ppm,Mg_ppm,Na_ppm,CaCO3_umol,CaCO3_mol,CaCO3_g,Ca_mol,Mg_mol,CaCO3PerTestVol_gPermm3,CaCO3PerTestVol_molPermm3,CaPerTestVol_molPermm3,MgPerTestVol_molPermm3,MgCaRatio_molmol,CaMgRatio_molmol,MgTestVoltoCaTestVol,latTestH_mm,TestDiamAVG_mm,TestHtoDRatio,TestV_mm3,TestV_mL,TestV_uL,CaCO3_upperbound_g,CaCO3_upperbound_mg,yr_dep,yr_col,date_dep,date_col,DOY_dep,DOY_col,100days_date_precol,100days_DOY_precol,SSTavg_10km_100dprecol,SSTavg_100km_100dprecol,SSTwindow_DOY_START,SSTwindow_DOY_END,SSTwindowLength_days,NO3avg_10km_100precol,NO3avg_100km_100precol,NO3window_DOY_START,NO3window_DOY_END,NO3windowLength_days,NPPavg_10km_100precol,NPPavg_100km_100precol,NPPwindow_DOY_START,NPPwindow_DOY_END,NPPwindowLength_days,CHLavg_10km_100precol,CHLavg_100km_100precol,CHLwindow_DOY_START,CHLwindow_DOY_END,CHLwindowLength_days
1,1,1,030 gavi 990518,gavi,2,may,1999,101.73,0.142107,0.019001,0.004889,0.360709254,3.61E-07,3.61E-05,3.61E-07,7.95E-08,0.00141154,1.41E-05,1.41E-05,3.11E-06,0.22048409,4.53547462,2.20E-01,0.273,0.423,0.64539,0.025577,2.56E-05,0.025577,6.93E-05,0.069312,1999,1999,5/11/1999,5/18/1999,131,138,2/7/1999,38,12.03,12.2,36,140,104,6.75,5.72,36,140,104,1643.7,1123.81,36,140,104,3.725204416,1.960977717,36,139,103
2,1,2,032 gavi 990518,gavi,2,may,1999,101.77,0.036197,0.02158,0.053519,0.091915024,9.19E-08,9.20E-06,9.19E-08,9.04E-08,0.0003912,3.91E-06,3.91E-06,3.84E-06,0.98308173,1.01720943,9.84E-01,0.303,0.385,0.787013,0.023516,2.35E-05,0.023516,6.37E-05,0.063728,1999,1999,5/11/1999,5/18/1999,131,138,2/7/1999,38,12.03,12.2,36,140,104,6.75,5.72,36,140,104,1643.7,1123.81,36,140,104,3.725204416,1.960977717,36,139,103
3,1,3,033 gavi 990518,gavi,2,may,1999,101.79,0.102444,0.03016,0.048205,0.260188256,2.60E-07,2.60E-05,2.60E-07,1.26E-07,0.00105557,1.05E-05,1.05E-05,5.11E-06,0.4854639,2.05988542,4.85E-01,0.249,0.435,0.572414,0.02467,2.47E-05,0.02467,6.69E-05,0.066857,1999,1999,5/11/1999,5/18/1999,131,138,2/7/1999,38,12.03,12.2,36,140,104,6.75,5.72,36,140,104,1643.7,1123.81,36,140,104,3.725204416,1.960977717,36,139,103
4,1,4,034 gavi 990518,gavi,2,may,1999,101.87,0.039842,0.021076,0.00586,0.101269958,1.01E-07,1.01E-05,1.01E-07,8.83E-08,0.0004142,4.14E-06,4.13E-06,3.61E-06,0.87229825,1.14639689,8.74E-01,0.276,0.4115,0.670717,0.024471,2.45E-05,0.024471,6.63E-05,0.066316,1999,1999,5/11/1999,5/18/1999,131,138,2/7/1999,38,12.03,12.2,36,140,104,6.75,5.72,36,140,104,1643.7,1123.81,36,140,104,3.725204416,1.960977717,36,139,103
5,1,5,036 gavi 990518,gavi,2,may,1999,101.78,0.026793,0.025719,0.048037,0.06804147,6.80E-08,6.81E-06,6.80E-08,1.08E-07,0.00023785,2.38E-06,2.37E-06,3.77E-06,1.58286601,0.63176542,1.59E+00,0.287,0.4365,0.657503,0.028632,2.86E-05,0.028632,7.76E-05,0.077592,1999,1999,5/11/1999,5/18/1999,131,138,2/7/1999,38,12.03,12.2,36,140,104,6.75,5.72,36,140,104,1643.7,1123.81,36,140,104,3.725204416,1.960977717,36,139,103
6,1,6,037 gavi 990518,gavi,2,may,1999,101.99,0.07865,0.020254,0.044465,0.200147317,2.00E-07,2.00E-05,2.00E-07,8.50E-08,0.00061722,6.17E-06,6.16E-06,2.62E-06,0.42464536,2.35490621,4.25E-01,0.273,0.4765,0.572928,0.032455,3.25E-05,0.032455,8.80E-05,0.087954,1999,1999,5/11/1999,5/18/1999,131,138,2/7/1999,38,12.03,12.2,36,140,104,6.75,5.72,36,140,104,1643.7,1123.81,36,140,104,3.725204416,1.960977717,36,139,103
7,1,7,039 gavi 990518,gavi,2,may,1999,101.81,0.036308,0.021649,0.016149,0.09223367,9.22E-08,9.23E-06,9.22E-08,9.07E-08,0.00053523,5.35E-06,5.35E-06,5.26E-06,0.98318578,1.01710177,9.84E-01,0.233,0.376,0.619681,0.017248,1.72E-05,0.017248,4.67E-05,0.046741,1999,1999,5/11/1999,5/18/1999,131,138,2/7/1999,38,12.03,12.2,36,140,104,6.75,5.72,36,140,104,1643.7,1123.81,36,140,104,3.725204416,1.960977717,36,139,103
8,1,8,040 gavi 990518,gavi,2,may,1999,101.88,0.084189,0.017741,-0.01153,0.214013041,2.14E-07,2.14E-05,2.14E-07,7.44E-08,0.00065029,6.50E-06,6.50E-06,2.26E-06,0.34747501,2.87790483,3.48E-01,0.286,0.469,0.609808,0.032939,3.29E-05,0.032939,8.93E-05,0.089265,1999,1999,5/11/1999,5/18/1999,131,138,2/7/1999,38,12.03,12.2,36,140,104,6.75,5.72,36,140,104,1643.7,1123.81,36,140,104,3.725204416,1.960977717,36,139,103
9,1,9,043 gavi 990518,gavi,2,may,1999,101.88,0.090184,0.019641,0.012775,0.229252091,2.29E-07,2.29E-05,2.29E-07,8.23E-08,0.00070968,7.09E-06,7.08E-06,2.55E-06,0.35912522,2.78454408,3.59E-01,0.276,0.473,0.58351,0.032332,3.23E-05,0.032332,8.76E-05,0.087619,1999,1999,5/11/1999,5/18/1999,131,138,2/7/1999,38,12.03,12.2,36,140,104,6.75,5.72,36,140,104,1643.7,1123.81,36,140,104,3.725204416,1.960977717,36,139,103
10,1,10,044 gavi 990518,gavi,2,may,1999,101.94,0.25962,0.024528,0.026528,0.66035325,6.60E-07,6.61E-05,6.60E-07,1.03E-07,0.00085328,8.53E-06,8.52E-06,1.33E-06,0.15578792,6.41898278,1.56E-01,0.364,0.6375,0.57098,0.077457,7.75E-05,0.077457,0.00021,0.209908,1999,1999,5/11/1999,5/18/1999,131,138,2/7/1999,38,12.03,12.2,36,140,104,6.75,5.72,36,140,104,1643.7,1123.81,36,140,104,3.725204416,1.960977717,36,139,103
11,1,11,045 gavi 990518,gavi,2,may,1999,101.9,0.097917,0.021715,0.009702,0.248957677,2.49E-07,2.49E-05,2.49E-07,9.10E-08,0.00073029,7.30E-06,7.30E-06,2.67E-06,0.3656844,2.73459844,3.65E-01,0.287,0.4765,0.602308,0.03412,3.41E-05,0.03412,9.25E-05,0.092465,1999,1999,5/11/1999,5/18/1999,131,138,2/7/1999,38,12.03,12.2,36,140,104,6.75,5.72,36,140,104,1643.7,1123.81,36,140,104,3.725204416,1.960977717,36,139,103
12,1,12,046 gavi 990518,gavi,2,may,1999,101.98,0.061475,0.02243,0.054295,0.156425158,1.56E-07,1.57E-05,1.56E-07,9.41E-08,0.00055097,5.51E-06,5.49E-06,3.31E-06,0.60163401,1.66214007,6.03E-01,0.271,0.4475,0.605587,0.028415,2.84E-05,0.028415,7.70E-05,0.077006,1999,1999,5/11/1999,5/18/1999,131,138,2/7/1999,38,12.03,12.2,36,140,104,6.75,5.72,36,140,104,1643.7,1123.81,36,140,104,3.725204416,1.960977717,36,139,103
13,1,13,048 gavi 990518,gavi,2,may,1999,101.96,0.260057,0.023015,0.001489,0.661595255,6.62E-07,6.62E-05,6.62E-07,9.65E-08,0.0021222,2.12E-05,2.12E-05,3.09E-06,0.14593136,6.85253678,1.46E-01,0.236,0.5025,0.469652,0.031202,3.12E-05,0.031202,8.46E-05,0.084557,1999,1999,5/11/1999,5/18/1999,131,138,2/7/1999,38,12.03,12.2,36,140,104,6.75,5.72,36,140,104,1643.7,1123.81,36,140,104,3.725204416,1.960977717,36,139,103
14,1,14,049 gavi 990518,gavi,2,may,1999,101.95,0.182711,0.019558,0.001096,0.464777703,4.65E-07,4.65E-05,4.65E-07,8.20E-08,0.00120486,1.20E-05,1.20E-05,2.12E-06,0.17651306,5.66530329,1.76E-01,0.263,0.5295,0.496695,0.038609,3.86E-05,0.038609,0.000105,0.10463,1999,1999,5/11/1999,5/18/1999,131,138,2/7/1999,38,12.03,12.2,36,140,104,6.75,5.72,36,140,104,1643.7,1123.81,36,140,104,3.725204416,1.960977717,36,139,103
15,1,15,050 gavi 990518,gavi,2,may,1999,102.01,0.102423,0.022135,0.026752,0.260696647,2.61E-07,2.61E-05,2.61E-07,9.29E-08,0.00067327,6.73E-06,6.73E-06,2.40E-06,0.35636288,2.8061284,3.56E-01,0.263,0.5305,0.495759,0.038755,3.88E-05,0.038755,0.000105,0.105025,1999,1999,5/11/1999,5/18/1999,131,138,2/7/1999,38,12.03,12.2,36,140,104,6.75,5.72,36,140,104,1643.7,1123.81,36,140,104,3.725204416,1.960977717,36,139,103
16,1,16,051 gavi 990518,gavi,2,may,1999,101.89,0.095671,0.020148,0.024062,0.243224766,2.43E-07,2.43E-05,2.43E-07,8.45E-08,0.00093961,9.39E-06,9.38E-06,3.26E-06,0.34726832,2.87961768,3.48E-01,0.251,0.444,0.565315,0.025908,2.59E-05,0.025908,7.02E-05,0.070211,1999,1999,5/11/1999,5/18/1999,131,138,2/7/1999,38,12.03,12.2,36,140,104,6.75,5.72,36,140,104,1643.7,1123.81,36,140,104,3.725204416,1.960977717,36,139,103
17,1,17,054 gavi 990518,gavi,2,may,1999,101.73,0.082751,0.027162,0.0482,0.21004668,2.10E-07,2.10E-05,2.10E-07,1.14E-07,0.00094057,9.40E-06,9.40E-06,5.10E-06,0.54126017,1.84754033,5.43E-01,0.219,0.4415,0.496036,0.022351,2.24E-05,0.022351,6.06E-05,0.060572,1999,1999,5/11/1999,5/18/1999,131,138,2/7/1999,38,12.03,12.2,36,140,104,6.75,5.72,36,140,104,1643.7,1123.81,36,140,104,3.725204416,1.960977717,36,139,103
18,1,18,055 gavi 000411,gavi,2,april,2000,101.81,0.022057,0.019601,0.061768,0.056030414,5.60E-08,5.61E-06,5.60E-08,8.21E-08,0.00015346,1.53E-06,1.53E-06,2.25E-06,1.46539523,0.68240976,1.47E+00,0.332,0.4585,0.7241,0.036544,3.65E-05,0.036544,9.90E-05,0.099034,2000,2000,4/4/2000,4/11/2000,95,102,1/2/2000,2,13.02,13.06,1,100,99,2.77,2.6,1,100,99,1341.45,843.41,1,100,99,2.904327374,1.376359126,1,104,103
19,1,19,056 gavi 000411,gavi,2,april,2000,101.91,0.027872,0.028536,0.048265,0.070873713,7.09E-08,7.09E-06,7.09E-08,1.20E-07,0.0002734,2.73E-06,2.73E-06,4.62E-06,1.68824877,0.59232977,1.69E+00,0.268,0.43,0.623256,0.025946,2.59E-05,0.025946,7.03E-05,0.070314,2000,2000,4/4/2000,4/11/2000,95,102,1/2/2000,2,13.02,13.06,1,100,99,2.77,2.6,1,100,99,1341.45,843.41,1,100,99,2.904327374,1.376359126,1,104,103
20,1,20,057 gavi 000411,gavi,2,april,2000,102.07,0.012374,0.017761,0.019779,0.031513977,3.15E-08,3.15E-06,3.15E-08,7.46E-08,0.00010976,1.10E-06,1.10E-06,2.60E-06,2.36688475,0.42249628,2.37E+00,0.306,0.4235,0.72255,0.028736,2.87E-05,0.028736,7.79E-05,0.077875,2000,2000,4/4/2000,4/11/2000,95,102,1/2/2000,2,13.02,13.06,1,100,99,2.77,2.6,1,100,99,1341.45,843.41,1,100,99,2.904327374,1.376359126,1,104,103
21,1,21,058 gavi 000411,gavi,2,april,2000,101.94,0.088425,0.019262,0.012637,0.224913619,2.25E-07,2.25E-05,2.25E-07,8.08E-08,0.00038897,3.89E-06,3.89E-06,1.40E-06,0.35919736,2.78398484,3.59E-01,0.392,0.531,0.73823,0.057873,5.79E-05,0.057873,0.000157,0.156835,2000,2000,4/4/2000,4/11/2000,95,102,1/2/2000,2,13.02,13.06,1,100,99,2.77,2.6,1,100,99,1341.45,843.41,1,100,99,2.904327374,1.376359126,1,104,103
22,1,22,059 gavi 000411,gavi,2,april,2000,102.1,0.015656,0.019987,0.047182,0.039884651,3.99E-08,3.99E-06,3.99E-08,8.40E-08,0.00013572,1.36E-06,1.36E-06,2.86E-06,2.1050609,0.47504564,2.11E+00,0.311,0.425,0.731765,0.029413,2.94E-05,0.029413,7.97E-05,0.079709,2000,2000,4/4/2000,4/11/2000,95,102,1/2/2000,2,13.02,13.06,1,100,99,2.77,2.6,1,100,99,1341.45,843.41,1,100,99,2.904327374,1.376359126,1,104,103
23,1,23,060 gavi 000411,gavi,2,april,2000,101.85,0.04276,0.019295,0.085324,0.108665116,1.09E-07,1.09E-05,1.09E-07,8.09E-08,0.00031655,3.16E-06,3.17E-06,2.35E-06,0.74409141,1.34392091,7.42E-01,0.289,0.4765,0.606506,0.034358,3.44E-05,0.034358,9.31E-05,0.093109,2000,2000,4/4/2000,4/11/2000,95,102,1/2/2000,2,13.02,13.06,1,100,99,2.77,2.6,1,100,99,1341.45,843.41,1,100,99,2.904327374,1.376359126,1,104,103
24,1,24,063 gavi 000411,gavi,2,april,2000,101.8,0.054545,0.030544,0.092882,0.138545818,1.39E-07,1.39E-05,1.39E-07,1.28E-07,0.0003888,3.88E-06,3.90E-06,3.59E-06,0.92338262,1.08297468,9.21E-01,0.3,0.4765,0.629591,0.035665,3.57E-05,0.035665,9.67E-05,0.096653,2000,2000,4/4/2000,4/11/2000,95,102,1/2/2000,2,13.02,13.06,1,100,99,2.77,2.6,1,100,99,1341.45,843.41,1,100,99,2.904327374,1.376359126,1,104,103
25,1,25,067 gavi 000411,gavi,2,april,2000,102.07,0.141319,0.024909,0.037771,0.359908741,3.60E-07,3.60E-05,3.60E-07,1.05E-07,0.00053934,5.39E-06,5.39E-06,1.57E-06,0.29065078,3.44055505,2.92E-01,0.309,0.6425,0.480934,0.066789,6.68E-05,0.066789,0.000181,0.180998,2000,2000,4/4/2000,4/11/2000,95,102,1/2/2000,2,13.02,13.06,1,100,99,2.77,2.6,1,100,99,1341.45,843.41,1,100,99,2.904327374,1.376359126,1,104,103
26,1,26,068 gavi 000411,gavi,2,april,2000,101.88,0.028916,0.019181,0.038218,0.073506526,7.35E-08,7.36E-06,7.35E-08,8.04E-08,0.00022445,2.24E-06,2.24E-06,2.45E-06,1.09379608,0.9142472,1.09E+00,0.284,0.4695,0.604899,0.032778,3.28E-05,0.032778,8.88E-05,0.08883,2000,2000,4/4/2000,4/11/2000,95,102,1/2/2000,2,13.02,13.06,1,100,99,2.77,2.6,1,100,99,1341.45,843.41,1,100,99,2.904327374,1.376359126,1,104,103
27,1,27,069 gavi 000411,gavi,2,april,2000,102,0.047977,0.025526,0.076994,0.12210369,1.22E-07,1.22E-05,1.22E-07,1.07E-07,0.00036532,3.65E-06,3.65E-06,3.20E-06,0.87731116,1.13984643,8.77E-01,0.288,0.471,0.611465,0.033453,3.35E-05,0.033453,9.07E-05,0.090657,2000,2000,4/4/2000,4/11/2000,95,102,1/2/2000,2,13.02,13.06,1,100,99,2.77,2.6,1,100,99,1341.45,843.41,1,100,99,2.904327374,1.376359126,1,104,103
28,1,28,073 gavi 000411,gavi,2,april,2000,102.05,0.03162,0.022952,0.04851,0.080513704,8.05E-08,8.06E-06,8.05E-08,9.64E-08,0.00022734,2.27E-06,2.27E-06,2.72E-06,1.19690471,0.8354884,1.20E+00,0.327,0.455,0.718681,0.035446,3.54E-05,0.035446,9.61E-05,0.096059,2000,2000,4/4/2000,4/11/2000,95,102,1/2/2000,2,13.02,13.06,1,100,99,2.77,2.6,1,100,99,1341.45,843.41,1,100,99,2.904327374,1.376359126,1,104,103
29,1,29,075 gavi 000411,gavi,2,april,2000,101.89,0.021726,0.022973,0.045843,0.05523317,5.52E-08,5.53E-06,5.52E-08,9.63E-08,0.00015668,1.57E-06,1.56E-06,2.73E-06,1.74361835,0.57352,1.74E+00,0.307,0.4685,0.655283,0.035282,3.53E-05,0.035282,9.56E-05,0.095615,2000,2000,4/4/2000,4/11/2000,95,102,1/2/2000,2,13.02,13.06,1,100,99,2.77,2.6,1,100,99,1341.45,843.41,1,100,99,2.904327374,1.376359126,1,104,103
30,1,30,076 gavi 000411,gavi,2,april,2000,101.93,0.029798,0.032226,0.084622,0.075784039,7.58E-08,7.58E-06,7.58E-08,1.35E-07,0.00023213,2.32E-06,2.32E-06,4.13E-06,1.78332426,0.56075052,1.78E+00,0.288,0.4655,0.61869,0.032676,3.27E-05,0.032676,8.86E-05,0.088552,2000,2000,4/4/2000,4/11/2000,95,102,1/2/2000,2,13.02,13.06,1,100,99,2.77,2.6,1,100,99,1341.45,843.41,1,100,99,2.904327374,1.376359126,1,104,103
31,1,31,119 gavi 150121,gavi,2,january,2015,102.02,0.180723,0.027814,0.055399,0.460038129,4.60E-07,4.60E-05,4.60E-07,1.17E-07,0.00070482,7.04E-06,7.04E-06,1.79E-06,0.25378016,3.94041832,2.54E-01,0.38,0.573,0.663176,0.065327,6.53E-05,0.065327,0.000177,0.177036,2014,2015,12/19/2014,1/21/2015,353,21,10/13/2014,286,17.54,17.32,286,20,99,0.09,0.09,286,20,99,475.05,503.5,286,20,99,0.434363789,0.490100055,286,19,
32,1,32,122 gavi 150121,gavi,2,january,2015,102.1,0.109623,0.033953,0.071428,0.279267343,2.79E-07,2.80E-05,2.79E-07,1.43E-07,0.00038238,3.82E-06,3.82E-06,1.96E-06,0.51072119,1.95801547,5.13E-01,0.397,0.593,0.669477,0.073097,7.31E-05,0.073097,0.000198,0.198092,2014,2015,12/19/2014,1/21/2015,353,21,10/13/2014,286,17.54,17.32,286,20,99,0.09,0.09,286,20,99,475.05,503.5,286,20,99,0.444521485,0.498974898,286,19,
33,1,33,125 gavi 150706,gavi,2,july,2015,101.91,0.195669,0.036901,-0.00896,0.497544629,4.98E-07,4.98E-05,4.98E-07,1.55E-07,0.00089313,8.92E-06,8.93E-06,2.78E-06,0.31097487,3.21569388,3.11E-01,0.342,0.558,0.612903,0.055756,5.58E-05,0.055756,0.000151,0.151099,2015,2015,6/18/2015,7/6/2015,169,187,3/28/2015,87,14.17,14.62,86,185,99,1.26,0.69,86,185,99,2753.51,1857.54,86,185,99,6.910553294,3.328340898,86,189,103
34,1,34,126 gavi 150723,gavi,2,july,2015,101.87,0.019293,0.020526,-0.0358,0.049037774,4.90E-08,4.91E-06,4.90E-08,8.60E-08,8.56E-05,8.55E-07,8.55E-07,1.50E-06,1.75441333,0.56999111,1.76E+00,0.353,0.557,0.633752,0.057343,5.73E-05,0.057343,0.000155,0.155401,2015,2015,7/6/2015,7/23/2015,187,204,4/14/2015,104,14.86,15.24,101,205,104,1.04,0.62,101,205,104,2314.67,1669.19,101,205,104,5.41699378,2.492203808,106,204,98
35,1,35,081 fbpc 160317,fbpc,1,march,2016,102.11,0.204867,0.029675,-0.07373,0.521957242,5.22E-07,5.22E-05,5.22E-07,1.25E-07,0.00145236,1.45E-05,1.45E-05,3.48E-06,0.23885318,4.18667234,2.39E-01,0.277,0.498,0.556225,0.03597,3.60E-05,0.03597,9.75E-05,0.097478,2016,2016,?,3/17/2016,?,77,12/8/2015,342,12.78,12.7,341,75,99,2.38,2.78,341,75,99,577.29,471.16,341,75,99,1.114104509,0.804533013,341,79,
36,1,36,082 fbpc 160317,fbpc,1,march,2016,102,0.216386,0.037641,-0.08504,0.550709182,5.51E-07,5.51E-05,5.51E-07,1.58E-07,0.00223932,2.24E-05,2.24E-05,6.42E-06,0.2868395,3.48627014,2.87E-01,0.239,0.4435,0.538895,0.024614,2.46E-05,0.024614,6.67E-05,0.066704,2016,2016,?,3/17/2016,?,77,12/8/2015,342,12.78,12.7,341,75,99,2.38,2.78,341,75,99,577.29,471.16,341,75,99,1.114104509,0.804533013,341,79,
37,1,37,085 fbpc 160330,fbpc,1,march,2016,102.01,0.209994,0.028449,-0.00496,0.534494267,5.34E-07,5.35E-05,5.34E-07,1.19E-07,0.00153873,1.54E-05,1.54E-05,3.42E-06,0.22339306,4.47641484,2.23E-01,0.325,0.452,0.719027,0.034766,3.48E-05,0.034766,9.42E-05,0.094217,2016,2016,?,3/30/2016,?,90,12/21/2015,355,12.79,12.69,356,90,99,2.53,1.39,356,90,99,695.6,527.86,356,90,99,1.207251371,0.821585823,356,89,
38,1,38,086 fbpc 160330,fbpc,1,march,2016,102.04,0.192606,0.023417,-0.04619,0.490381871,4.90E-07,4.91E-05,4.90E-07,9.83E-08,0.00102791,1.03E-05,1.03E-05,2.06E-06,0.20048183,4.98798309,2.01E-01,0.311,0.5415,0.574331,0.047748,4.77E-05,0.047748,0.000129,0.129397,2016,2016,?,3/30/2016,?,90,12/21/2015,355,12.79,12.69,356,90,99,2.53,1.39,356,90,99,695.6,527.86,356,90,99,1.207251371,0.821585823,356,89,
39,1,39,090 fbpc 160419,fbpc,1,april,2016,102.01,0.114535,0.023702,-0.04554,0.291524763,2.92E-07,2.92E-05,2.92E-07,9.95E-08,0.00052828,5.28E-06,5.29E-06,1.80E-06,0.34123656,2.93051834,3.41E-01,0.34,0.557,0.610413,0.055232,5.52E-05,0.055232,0.00015,0.149678,2016,2016,?,4/19/2016,?,110,1/10/2016,10,12.74,12.72,11,110,99,2.69,2.53,11,110,99,1182.33,680.18,11,110,99,3.432436603,1.247635619,11,109,98
40,1,40,093 fbpc 160419,fbpc,1,april,2016,102.04,0.103134,0.026101,-0.04775,0.262583377,2.63E-07,2.63E-05,2.63E-07,1.10E-07,0.0008318,8.31E-06,8.32E-06,3.48E-06,0.41730979,2.39630131,4.18E-01,0.232,0.51,0.454902,0.031596,3.16E-05,0.031596,8.56E-05,0.085624,2016,2016,?,4/19/2016,?,110,1/10/2016,10,12.74,12.72,11,110,99,2.69,2.53,11,110,99,1182.33,680.18,11,110,99,3.432436603,1.247635619,11,109,98
41,1,41,095 fbpc 160502,fbpc,1,may,2016,101.95,0.032232,0.032044,0.11884,0.081992247,8.20E-08,8.21E-06,8.20E-08,1.34E-07,0.00021056,2.10E-06,2.10E-06,3.44E-06,1.63934791,0.60999864,1.63E+00,0.267,0.528,0.505682,0.038974,3.90E-05,0.038974,0.000106,0.10562,2016,2016,?,5/2/2016,?,123,1/23/2016,23,12.72,12.71,21,125,104,2.84,2.64,21,125,104,1165.36,703.46,21,125,104,2.977181157,1.247390184,21,124,103
42,1,42,097 fbpc 160720,fbpc,1,july,2016,102.06,0.147184,0.023407,0.076879,0.374808799,3.75E-07,3.75E-05,3.75E-07,9.83E-08,0.00053773,5.37E-06,5.38E-06,1.41E-06,0.26223519,3.81337069,2.62E-01,0.34,0.626,0.543131,0.069763,6.98E-05,0.069763,0.000189,0.189058,2016,2016,?,7/20/2016,?,202,4/11/2016,102,11.79,12.2,101,202,101,8.44,5.74,101,202,101,3034.64,1352.16,101,202,101,10.98698831,2.797924891,101,204,103
43,1,43,098 fbpc 160720,fbpc,1,july,2016,102.21,0.215142,0.021139,-0.02541,0.548672456,5.49E-07,5.49E-05,5.49E-07,8.89E-08,0.00070809,7.07E-06,7.08E-06,1.15E-06,0.16201989,6.17208189,1.62E-01,0.372,0.631,0.58954,0.077553,7.76E-05,0.077553,0.00021,0.210169,2016,2016,?,7/20/2016,?,202,4/11/2016,102,11.79,12.2,101,202,101,8.44,5.74,101,202,101,3034.64,1352.16,101,202,101,10.98698831,2.797924891,101,204,103
44,1,44,099 fbpc 160806,fbpc,1,august,2016,102.12,0.104767,0.033835,0.071808,0.266948662,2.67E-07,2.67E-05,2.67E-07,1.42E-07,0.00056477,5.64E-06,5.64E-06,3.00E-06,0.53254499,1.87777563,5.32E-01,0.311,0.539,0.576994,0.047308,4.73E-05,0.047308,0.000128,0.128205,2016,2016,?,8/6/2016,?,219,4/28/2016,119,11.79,12.16,121,220,99,8.37,5.95,121,220,99,3260.91,1559.23,121,220,99,12.19128315,3.364504423,121,219,98
45,1,45,102 fbpc 160831,fbpc,1,august,2016,102.05,0.143944,0.022183,-0.00477,0.36652237,3.67E-07,3.67E-05,3.67E-07,9.31E-08,0.00077362,7.73E-06,7.74E-06,1.96E-06,0.254114,3.93524164,2.54E-01,0.31,0.5405,0.573543,0.047419,4.74E-05,0.047419,0.000129,0.128505,2016,2016,?,8/31/2016,?,244,5/23/2016,144,11.98,12.34,146,245,99,7.61,5.34,146,245,99,2864.54,1511.41,146,245,99,10.57549509,3.194938413,146,244,98
46,1,46,103 fbpc 160831,fbpc,1,august,2016,101.9,0.304713,0.024816,0.012594,0.774746779,7.75E-07,7.75E-05,7.75E-07,1.04E-07,0.00369946,3.70E-05,3.70E-05,4.96E-06,0.1342923,7.44644353,1.34E-01,0.215,0.4315,0.498262,0.02096,2.10E-05,0.02096,5.68E-05,0.056803,2016,2016,?,8/31/2016,?,244,5/23/2016,144,11.98,12.34,146,245,99,7.61,5.34,146,245,99,2864.54,1511.41,146,245,99,10.57549509,3.194938413,146,244,98
47,1,47,105 fbpc 160831,fbpc,1,august,2016,102.27,0.272965,0.025415,0.017298,0.696546041,6.97E-07,6.97E-05,6.97E-07,1.07E-07,0.0010235,1.02E-05,1.02E-05,1.57E-06,0.15352907,6.51342452,1.54E-01,0.365,0.597,0.61139,0.068115,6.81E-05,0.068115,0.000185,0.184591,2016,2016,?,8/31/2016,?,244,5/23/2016,144,11.98,12.34,146,245,99,7.61,5.34,146,245,99,2864.54,1511.41,146,245,99,10.57549509,3.194938413,146,244,98
48,1,48,107 fbpc 160831,fbpc,1,august,2016,102.08,0.151471,0.02012,0.019032,0.385802313,3.86E-07,3.86E-05,3.86E-07,8.45E-08,0.00515668,5.15E-05,5.15E-05,1.13E-05,0.2190296,4.56559299,2.19E-01,0.227,0.251,0.904382,0.007488,7.49E-06,0.007488,2.03E-05,0.020293,2016,2016,?,8/31/2016,?,244,5/23/2016,144,11.98,12.34,146,245,99,7.61,5.34,146,245,99,2864.54,1511.41,146,245,99,10.57549509,3.194938413,146,244,98
49,1,49,147 fbpc 170404,fbpc,1,april,2017,101.98,0.223175,0.023649,0.018321,0.567876577,5.68E-07,5.68E-05,5.68E-07,9.92E-08,0.00095332,9.52E-06,9.53E-06,1.66E-06,0.17473145,5.72306827,1.75E-01,0.371,0.554,0.669675,0.05962,5.96E-05,0.05962,0.000162,0.16157,2017,2017,?,4/4/2017,?,94,12/25/2016,360,11.41,11.67,361,95,99,10.91,9.15,361,95,99,1206.53,683.44,361,95,99,4.499044862,1.5957321,356,94,
50,1,50,148 fbpc 170404,fbpc,1,april,2017,102.2,0.11816,0.020796,0.016861,0.301312334,3.01E-07,3.02E-05,3.01E-07,8.74E-08,0.00063516,6.35E-06,6.34E-06,1.84E-06,0.29021081,3.44577106,2.90E-01,0.318,0.534,0.595506,0.04748,4.75E-05,0.04748,0.000129,0.12867,2017,2017,?,4/4/2017,?,94,12/25/2016,360,11.41,11.67,361,95,99,10.91,9.15,361,95,99,1206.53,683.44,361,95,99,4.499044862,1.5957321,356,94,
51,1,51,149 fbpc 170404,fbpc,1,april,2017,102.07,0.239047,0.026205,-0.01154,0.608801306,6.09E-07,6.09E-05,6.09E-07,1.10E-07,0.00100606,1.01E-05,1.01E-05,1.82E-06,0.18076651,5.53199825,1.81E-01,0.338,0.585,0.577778,0.060566,6.06E-05,0.060566,0.000164,0.164133,2017,2017,?,4/4/2017,?,94,12/25/2016,360,11.41,11.67,361,95,99,10.91,9.15,361,95,99,1206.53,683.44,361,95,99,4.499044862,1.5957321,356,94,
52,1,52,151 fbpc 170404,fbpc,1,april,2017,102,0.013109,0.014053,0.017189,0.033363744,3.34E-08,3.34E-06,3.34E-08,5.90E-08,7.41E-05,7.40E-07,7.41E-07,1.31E-06,1.76762855,0.56572972,1.77E+00,0.341,0.5025,0.678607,0.045084,4.51E-05,0.045084,0.000122,0.122178,2017,2017,?,4/4/2017,?,94,12/25/2016,360,11.41,11.67,361,95,99,10.91,9.15,361,95,99,1206.53,683.44,361,95,99,4.499044862,1.5957321,356,94,
53,1,53,167 fbpc 170627,fbpc,1,june,2017,102.16,0.124314,0.021457,-0.03426,0.316880046,3.17E-07,3.17E-05,3.17E-07,9.02E-08,0.00058875,5.88E-06,5.88E-06,1.67E-06,0.2846155,3.5135121,2.85E-01,0.315,0.5715,0.551181,0.053869,5.39E-05,0.053869,0.000146,0.145986,2017,2017,?,6/27/2017,?,178,3/19/2017,78,11.53,12.06,76,180,104,10.11,6.69,76,180,104,2140.57,1012.17,76,180,104,5.441816888,1.559171723,76,179,103
54,1,54,169 fbpc 170627,fbpc,1,june,2017,102.22,0.103071,0.0227,0.03989,0.262884906,2.63E-07,2.63E-05,2.63E-07,9.55E-08,0.00066608,6.65E-06,6.66E-06,2.42E-06,0.36315681,2.75363143,3.63E-01,0.285,0.5145,0.553936,0.039502,3.95E-05,0.039502,0.000107,0.107049,2017,2017,?,6/27/2017,?,178,3/19/2017,78,11.53,12.06,76,180,104,10.11,6.69,76,180,104,2140.57,1012.17,76,180,104,5.441816888,1.559171723,76,179,103
55,1,55,173 fbpc 170627,fbpc,1,june,2017,102.12,0.028626,0.017484,-0.00401,0.072939438,7.29E-08,7.30E-06,7.29E-08,7.35E-08,0.00020338,2.03E-06,2.03E-06,2.05E-06,1.00713226,0.99291825,1.01E+00,0.311,0.4695,0.662407,0.035895,3.59E-05,0.035895,9.73E-05,0.097275,2017,2017,?,6/27/2017,?,178,3/19/2017,78,11.53,12.06,76,180,104,10.11,6.69,76,180,104,2140.57,1012.17,76,180,104,5.441816888,1.559171723,76,179,103
56,1,56,175 fbpc 170627,fbpc,1,june,2017,102.19,0.09616,0.020514,-0.00638,0.24518604,2.45E-07,2.45E-05,2.45E-07,8.63E-08,0.0005504,5.50E-06,5.49E-06,1.94E-06,0.35177478,2.84272799,3.52E-01,0.302,0.531,0.568738,0.044586,4.46E-05,0.044586,0.000121,0.120827,2017,2017,?,6/27/2017,?,178,3/19/2017,78,11.53,12.06,76,180,104,10.11,6.69,76,180,104,2140.57,1012.17,76,180,104,5.441816888,1.559171723,76,179,103
57,1,57,176 fbpc 170627,fbpc,1,june,2017,102.24,0.035915,0.015593,0.023238,0.091621082,9.16E-08,9.17E-06,9.16E-08,6.56E-08,0.00031985,3.20E-06,3.19E-06,2.29E-06,0.71593382,1.39677714,7.16E-01,0.25,0.468,0.534188,0.02867,2.87E-05,0.02867,7.77E-05,0.077696,2017,2017,?,6/27/2017,?,178,3/19/2017,78,11.53,12.06,76,180,104,10.11,6.69,76,180,104,2140.57,1012.17,76,180,104,5.441816888,1.559171723,76,179,103
58,1,58,180 fbpc 170627,fbpc,1,june,2017,102.24,0.092632,0.032618,0.128357,0.236307702,2.36E-07,2.37E-05,2.36E-07,1.37E-07,0.00072316,7.23E-06,7.22E-06,4.19E-06,0.58064329,1.72222776,5.81E-01,0.243,0.507,0.47929,0.032706,3.27E-05,0.032706,8.86E-05,0.088632,2017,2017,?,6/27/2017,?,178,3/19/2017,78,11.53,12.06,76,180,104,10.11,6.69,76,180,104,2140.57,1012.17,76,180,104,5.441816888,1.559171723,76,179,103
59,1,59,183 fbpc 170627,fbpc,1,june,2017,102.26,0.116463,0.033006,0.103602,0.297157375,2.97E-07,2.97E-05,2.97E-07,1.39E-07,0.00071166,7.11E-06,7.11E-06,3.33E-06,0.46731809,2.13987008,4.68E-01,0.261,0.553,0.471971,0.041792,4.18E-05,0.041792,0.000113,0.113255,2017,2017,?,6/27/2017,?,178,3/19/2017,78,11.53,12.06,76,180,104,10.11,6.69,76,180,104,2140.57,1012.17,76,180,104,5.441816888,1.559171723,76,179,103
60,1,60,191 fbpc 170809,fbpc,1,august,2017,102.09,0.157599,0.026072,0.06017,0.401450218,4.01E-07,4.02E-05,4.01E-07,1.10E-07,0.00079419,7.94E-06,7.93E-06,2.17E-06,0.27278979,3.66582635,2.74E-01,0.32,0.5495,0.582348,0.050592,5.06E-05,0.050592,0.000137,0.137105,2017,2017,?,8/9/2017,?,221,5/1/2017,121,12,12.57,121,220,99,7.73,4.64,121,220,99,3429.37,1362.45,121,220,99,10.16785175,2.617360322,121,219,98
61,1,61,192 fbpc 170809,fbpc,1,august,2017,102.32,0.261675,0.036539,0.089041,0.66806125,6.68E-07,6.69E-05,6.68E-07,1.54E-07,0.00117482,1.17E-05,1.17E-05,2.71E-06,0.2302548,4.34301472,2.31E-01,0.316,0.5865,0.538789,0.056914,5.69E-05,0.056914,0.000154,0.154238,2017,2017,?,8/9/2017,?,221,5/1/2017,121,12,12.57,121,220,99,7.73,4.64,121,220,99,3429.37,1362.45,121,220,99,10.16785175,2.617360322,121,219,98
62,1,62,198 fbpc 170809,fbpc,1,august,2017,102.41,0.242207,0.030265,0.00938,0.618902622,6.19E-07,6.19E-05,6.19E-07,1.28E-07,0.00134763,1.35E-05,1.35E-05,2.78E-06,0.20604733,4.8532539,2.07E-01,0.275,0.565,0.486726,0.045965,4.60E-05,0.045965,0.000125,0.124565,2017,2017,?,8/9/2017,?,221,5/1/2017,121,12,12.57,121,220,99,7.73,4.64,121,220,99,3429.37,1362.45,121,220,99,10.16785175,2.617360322,121,219,98
63,1,63,202 fbpc 170809,fbpc,1,august,2017,102.32,0.253833,0.038225,0.103439,0.648041476,6.48E-07,6.49E-05,6.48E-07,1.61E-07,0.0011624,1.16E-05,1.16E-05,2.89E-06,0.24831836,4.02708847,2.48E-01,0.313,0.5835,0.536418,0.055799,5.58E-05,0.055799,0.000151,0.151215,2017,2017,?,8/9/2017,?,221,5/1/2017,121,12,12.57,121,220,99,7.73,4.64,121,220,99,3429.37,1362.45,121,220,99,10.16785175,2.617360322,121,219,98
64,1,64,203 fbpc 170809,fbpc,1,august,2017,102.4,0.252957,0.046119,0.162521,0.646308373,6.46E-07,6.47E-05,6.46E-07,1.94E-07,0.00147835,1.48E-05,1.48E-05,4.43E-06,0.30063856,3.32625332,3.00E-01,0.285,0.5415,0.526316,0.043756,4.38E-05,0.043756,0.000119,0.11858,2017,2017,?,8/9/2017,?,221,5/1/2017,121,12,12.57,121,220,99,7.73,4.64,121,220,99,3429.37,1362.45,121,220,99,10.16785175,2.617360322,121,219,98
65,1,65,204 fbpc 170809,fbpc,1,august,2017,102.19,0.117693,0.019125,0.028273,0.300091091,3.00E-07,3.00E-05,3.00E-07,8.04E-08,0.00079591,7.95E-06,7.95E-06,2.13E-06,0.26794827,3.73206365,2.68E-01,0.26,0.5265,0.493827,0.037737,3.77E-05,0.037737,0.000102,0.102268,2017,2017,?,8/9/2017,?,221,5/1/2017,121,12,12.57,121,220,99,7.73,4.64,121,220,99,3429.37,1362.45,121,220,99,10.16785175,2.617360322,121,219,98
66,1,66,209 fbpc 170809,fbpc,1,august,2017,102.32,0.02078,0.017836,0.064391,0.053050991,5.31E-08,5.31E-06,5.31E-08,7.51E-08,0.00015193,1.52E-06,1.52E-06,2.15E-06,1.41534378,0.70654212,1.41E+00,0.282,0.4865,0.579651,0.034947,3.49E-05,0.034947,9.47E-05,0.094707,2017,2017,?,8/9/2017,?,221,5/1/2017,121,12,12.57,121,220,99,7.73,4.64,121,220,99,3429.37,1362.45,121,220,99,10.16785175,2.617360322,121,219,98
67,1,67,276 fbpc 170822,fbpc,1,august,2017,102.33,0.21413,0.025066,0.063762,0.546731129,5.47E-07,5.47E-05,5.47E-07,1.06E-07,0.00139345,1.39E-05,1.39E-05,2.70E-06,0.19302975,5.18054862,1.94E-01,0.3,0.5,0.6,0.03927,3.93E-05,0.03927,0.000106,0.106421,2017,2017,?,8/22/2017,?,234,5/14/2017,134,12.39,12.95,136,235,99,5.35,2.95,136,235,99,3365.68,1338.51,136,235,99,11.11303231,2.518915517,136,234,98
68,1,68,277 fbpc 170822,fbpc,1,august,2017,102.24,0.256287,0.029163,0.047213,0.653795247,6.54E-07,6.54E-05,6.54E-07,1.23E-07,0.0009959,9.95E-06,9.95E-06,1.87E-06,0.18763625,5.32946072,1.88E-01,0.348,0.6005,0.579517,0.065706,6.57E-05,0.065706,0.000178,0.178063,2017,2017,?,8/22/2017,?,234,5/14/2017,134,12.39,12.95,136,235,99,5.35,2.95,136,235,99,3365.68,1338.51,136,235,99,11.11303231,2.518915517,136,234,98
69,1,69,279 fbpc 170822,fbpc,1,august,2017,102.19,0.275751,0.032616,0.059595,0.703104997,7.03E-07,7.04E-05,7.03E-07,1.37E-07,0.00102202,1.02E-05,1.02E-05,1.99E-06,0.19503959,5.12716422,1.95E-01,0.341,0.621,0.549114,0.068855,6.89E-05,0.068855,0.000187,0.186597,2017,2017,?,8/22/2017,?,234,5/14/2017,134,12.39,12.95,136,235,99,5.35,2.95,136,235,99,3365.68,1338.51,136,235,99,11.11303231,2.518915517,136,234,98
70,1,70,280 fbpc 170822,fbpc,1,august,2017,102.17,0.24489,0.026983,0.056404,0.62429266,6.24E-07,6.25E-05,6.24E-07,1.13E-07,0.000999,9.98E-06,9.98E-06,1.81E-06,0.18168839,5.50392903,1.81E-01,0.281,0.652,0.430982,0.062546,6.25E-05,0.062546,0.000169,0.1695,2017,2017,?,8/22/2017,?,234,5/14/2017,134,12.39,12.95,136,235,99,5.35,2.95,136,235,99,3365.68,1338.51,136,235,99,11.11303231,2.518915517,136,234,98
71,1,71,281 fbpc 170822,fbpc,1,august,2017,102.33,0.295758,0.029906,0.010614,0.755150013,7.55E-07,7.56E-05,7.55E-07,1.26E-07,0.00098611,9.85E-06,9.85E-06,1.64E-06,0.16673979,5.99736873,1.67E-01,0.347,0.6495,0.534257,0.076645,7.66E-05,0.076645,0.000208,0.207709,2017,2017,?,8/22/2017,?,234,5/14/2017,134,12.39,12.95,136,235,99,5.35,2.95,136,235,99,3365.68,1338.51,136,235,99,11.11303231,2.518915517,136,234,98
72,1,72,283 fbpc 170822,fbpc,1,august,2017,102.29,0.221967,0.031066,0.061153,0.566520849,5.67E-07,5.67E-05,5.67E-07,1.31E-07,0.00117309,1.17E-05,1.17E-05,2.71E-06,0.23078459,4.33304497,2.31E-01,0.273,0.5815,0.469475,0.048335,4.83E-05,0.048335,0.000131,0.130988,2017,2017,?,8/22/2017,?,234,5/14/2017,134,12.39,12.95,136,235,99,5.35,2.95,136,235,99,3365.68,1338.51,136,235,99,11.11303231,2.518915517,136,234,98
73,1,73,288 fbpc 170822,fbpc,1,august,2017,102.21,0.130253,0.031964,0.046318,0.332180469,3.32E-07,3.32E-05,3.32E-07,1.34E-07,0.00092976,9.29E-06,9.28E-06,3.75E-06,0.40465806,2.47122225,4.04E-01,0.256,0.5165,0.495644,0.035758,3.58E-05,0.035758,9.69E-05,0.096906,2017,2017,?,8/22/2017,?,234,5/14/2017,134,12.39,12.95,136,235,99,5.35,2.95,136,235,99,3365.68,1338.51,136,235,99,11.11303231,2.518915517,136,234,98
74,1,74,289 fbpc 170822,fbpc,1,august,2017,102.21,0.153436,0.026576,0.013283,0.391305133,3.91E-07,3.92E-05,3.91E-07,1.12E-07,0.00074703,7.46E-06,7.46E-06,2.14E-06,0.28560426,3.50134837,2.86E-01,0.331,0.55,0.601818,0.052427,5.24E-05,0.052427,0.000142,0.142076,2017,2017,?,8/22/2017,?,234,5/14/2017,134,12.39,12.95,136,235,99,5.35,2.95,136,235,99,3365.68,1338.51,136,235,99,11.11303231,2.518915517,136,234,98
75,1,75,292 fbpc 170822,fbpc,1,august,2017,102.38,0.251852,0.029634,0.021801,0.643360275,6.43E-07,6.44E-05,6.43E-07,1.25E-07,0.00136263,1.36E-05,1.36E-05,2.65E-06,0.1940212,5.15407602,1.94E-01,0.293,0.555,0.527928,0.047255,4.73E-05,0.047255,0.000128,0.128062,2017,2017,?,8/22/2017,?,234,5/14/2017,134,12.39,12.95,136,235,99,5.35,2.95,136,235,99,3365.68,1338.51,136,235,99,11.11303231,2.518915517,136,234,98
76,1,76,295 fbpc 170822,fbpc,1,august,2017,102.23,0.249308,0.041555,0.403449,0.635928574,6.36E-07,6.36E-05,6.36E-07,1.75E-07,0.00108802,1.09E-05,1.09E-05,2.99E-06,0.27485232,3.6383175,2.75E-01,0.314,0.5965,0.526404,0.058499,5.85E-05,0.058499,0.000159,0.158533,2017,2017,?,8/22/2017,?,234,5/14/2017,134,12.39,12.95,136,235,99,5.35,2.95,136,235,99,3365.68,1338.51,136,235,99,11.11303231,2.518915517,136,234,98
77,1,77,300 fbpc 170918,fbpc,1,september,2017,102.34,0.317955,0.02994,-0.01118,0.811905192,8.12E-07,8.13E-05,8.12E-07,1.26E-07,0.00084658,8.46E-06,8.46E-06,1.31E-06,0.15527322,6.44026055,1.55E-01,0.426,0.656,0.64939,0.095988,9.60E-05,0.095988,0.00026,0.260127,2017,2017,?,9/18/2017,?,261,6/10/2017,161,13.07,13.6,161,260,99,2.66,1.01,161,260,99,2985.39,1321.94,161,260,99,8.343634311,2.333002418,161,259,
78,2,1,031_GAVI_990518,gavi,2,may,1999,56.94,0.075536,0.060976,0.721757,0.107315969,1.07E-07,1.07E-05,1.07E-07,1.43E-07,0.00043525,4.35E-06,4.34E-06,5.79E-06,1.33111054,0.75125241,1.34E+00,0.273,0.4155,0.65704,0.024678,2.47E-05,0.024678,6.69E-05,0.066876,1999,1999,,5/18/1999,,138,2/7/1999,38,12.02571429,12.19580651,36,140,104,6.748911771,5.723151499,36,140,104,1643.7,1123.81,36,140,104,3.725204416,1.960977717,36,139,103
79,2,2,038_GAVI_990518,gavi,2,may,1999,56.95,0.022734,0.041341,0.625634,0.032304751,3.23E-08,3.23E-06,3.23E-08,9.69E-08,0.0001234,1.23E-06,1.23E-06,3.70E-06,2.99852886,0.33349687,3.00E+00,0.281,0.422,0.665877,0.026202,2.62E-05,0.026202,7.10E-05,0.071007,1999,1999,,5/18/1999,,138,2/7/1999,38,12.02571429,12.19580651,36,140,104,6.748911771,5.723151499,36,140,104,1643.7,1123.81,36,140,104,3.725204416,1.960977717,36,139,103
80,2,3,042_GAVI_990518,gavi,2,may,1999,57.01,0.133414,0.047191,0.595386,0.189777789,1.90E-07,1.90E-05,1.90E-07,1.11E-07,0.00072983,7.29E-06,7.30E-06,4.26E-06,0.58326768,1.71447868,5.84E-01,0.218,0.4775,0.456545,0.026026,2.60E-05,0.026026,7.05E-05,0.07053,1999,1999,,5/18/1999,,138,2/7/1999,38,12.02571429,12.19580651,36,140,104,6.748911771,5.723151499,36,140,104,1643.7,1123.81,36,140,104,3.725204416,1.960977717,36,139,103
81,2,4,047_GAVI_990518,gavi,2,may,1999,56.85,0.205837,0.077223,0.817725,0.291975853,2.92E-07,2.92E-05,2.92E-07,1.81E-07,0.00074653,7.46E-06,7.46E-06,4.62E-06,0.61863619,1.61645894,6.20E-01,0.288,0.5095,0.56526,0.039145,3.91E-05,0.039145,0.000106,0.106084,1999,1999,,5/18/1999,,138,2/7/1999,38,12.02571429,12.19580651,36,140,104,6.748911771,5.723151499,36,140,104,1643.7,1123.81,36,140,104,3.725204416,1.960977717,36,139,103
82,2,5,052_GAVI_990518,gavi,2,may,1999,57,0.228818,0.053636,0.641431,0.32543065,3.25E-07,3.26E-05,3.25E-07,1.26E-07,0.00086638,8.66E-06,8.64E-06,3.35E-06,0.3865265,2.58714471,3.88E-01,0.263,0.5225,0.503349,0.037595,3.76E-05,0.037595,0.000102,0.101882,1999,1999,,5/18/1999,,138,2/7/1999,38,12.02571429,12.19580651,36,140,104,6.748911771,5.723151499,36,140,104,1643.7,1123.81,36,140,104,3.725204416,1.960977717,36,139,103
83,2,6,053_GAVI_990518,gavi,2,may,1999,57.04,0.249959,0.057007,0.658943,0.3557473,3.56E-07,3.56E-05,3.56E-07,1.34E-07,0.0012948,1.29E-05,1.29E-05,4.87E-06,0.37607379,2.65905264,3.76E-01,0.227,0.481,0.471933,0.027499,2.75E-05,0.027499,7.45E-05,0.074522,1999,1999,,5/18/1999,,138,2/7/1999,38,12.02571429,12.19580651,36,140,104,6.748911771,5.723151499,36,140,104,1643.7,1123.81,36,140,104,3.725204416,1.960977717,36,139,103
84,2,7,061_GAVI_000411,gavi,2,april,2000,57.06,0.046005,0.09262,0.530354,0.065498186,6.55E-08,6.56E-06,6.55E-08,2.17E-07,0.00025254,2.52E-06,2.52E-06,8.36E-06,3.31978583,0.30122425,3.31E+00,0.262,0.435,0.602299,0.025958,2.60E-05,0.025958,7.03E-05,0.070347,2000,2000,,4/11/2000,,102,1/2/2000,2,13.0245,13.05741778,1,100,99,2.771190417,2.604109459,1,100,99,1341.45,843.41,1,100,99,2.904327374,1.376359126,1,104,103
85,2,8,062_GAVI_000411,gavi,2,april,2000,57.02,0.030627,0.099478,1.121215,0.043574366,4.36E-08,4.36E-06,4.36E-08,2.33E-07,0.000131,1.31E-06,1.31E-06,7.00E-06,5.35582963,0.18671244,5.34E+00,0.324,0.443,0.731377,0.033293,3.33E-05,0.033293,9.02E-05,0.090224,2000,2000,,4/11/2000,,102,1/2/2000,2,13.0245,13.05741778,1,100,99,2.771190417,2.604109459,1,100,99,1341.45,843.41,1,100,99,2.904327374,1.376359126,1,104,103
86,2,9,065_GAVI_000411,gavi,2,april,2000,57.09,0.082926,0.097183,0.990473,0.118125867,1.18E-07,1.18E-05,1.18E-07,2.28E-07,0.00024801,2.48E-06,2.48E-06,4.78E-06,1.93245003,0.5174778,1.93E+00,0.338,0.519,0.651252,0.047671,4.77E-05,0.047671,0.000129,0.129187,2000,2000,,4/11/2000,,102,1/2/2000,2,13.0245,13.05741778,1,100,99,2.771190417,2.604109459,1,100,99,1341.45,843.41,1,100,99,2.904327374,1.376359126,1,104,103
87,2,10,071_GAVI_000411,gavi,2,april,2000,56.91,0.042587,0.039784,0.5179,0.060473245,6.05E-08,6.05E-06,6.05E-08,9.32E-08,0.00018011,1.80E-06,1.80E-06,2.77E-06,1.54040923,0.64917814,1.54E+00,0.302,0.461,0.655098,0.033605,3.36E-05,0.033605,9.11E-05,0.09107,2000,2000,,4/11/2000,,102,1/2/2000,2,13.0245,13.05741778,1,100,99,2.771190417,2.604109459,1,100,99,1341.45,843.41,1,100,99,2.904327374,1.376359126,1,104,103
88,2,11,072_GAVI_000411,gavi,2,april,2000,56.94,0.123886,0.042833,0.585133,0.176009194,1.76E-07,1.76E-05,1.76E-07,1.00E-07,0.00046567,4.65E-06,4.65E-06,2.64E-06,0.57012158,1.75401182,5.68E-01,0.289,0.5,0.578,0.03783,3.78E-05,0.03783,0.000103,0.102519,2000,2000,,4/11/2000,,102,1/2/2000,2,13.0245,13.05741778,1,100,99,2.771190417,2.604109459,1,100,99,1341.45,843.41,1,100,99,2.904327374,1.376359126,1,104,103
89,2,12,074_GAVI_000411,gavi,2,april,2000,56.99,0.158406,0.038024,0.464022,0.225249754,2.25E-07,2.25E-05,2.25E-07,8.92E-08,0.00056089,5.60E-06,5.60E-06,2.22E-06,0.39581474,2.52643449,3.96E-01,0.29,0.5145,0.563654,0.040195,4.02E-05,0.040195,0.000109,0.108927,2000,2000,,4/11/2000,,102,1/2/2000,2,13.0245,13.05741778,1,100,99,2.771190417,2.604109459,1,100,99,1341.45,843.41,1,100,99,2.904327374,1.376359126,1,104,103
90,2,13,089_FBPC_160330,fbpc,1,march,2016,56.92,0.26968,0.021968,0.329283,0.383007749,3.83E-07,3.83E-05,3.83E-07,5.14E-08,0.00107203,1.07E-05,1.07E-05,1.44E-06,0.13432114,7.44484473,1.34E-01,0.256,0.5165,0.495644,0.035758,3.58E-05,0.035758,9.69E-05,0.096906,2015,2016,,3/30/2016,,90,12/21/2015,355,12.79285714,12.68566111,356,90,99,2.36,2.781714286,356,90,99,695.6,527.86,356,90,99,1.207251371,0.821585823,356,89,
91,2,14,094_FBPC_160502,fbpc,1,may,2016,57.06,0.230086,0.020306,0.29787,0.327578618,3.28E-07,3.28E-05,3.28E-07,4.77E-08,0.00114669,1.15E-05,1.15E-05,1.67E-06,0.14552471,6.87168531,1.45E-01,0.24,0.477,0.503145,0.028592,2.86E-05,0.028592,7.75E-05,0.077485,2016,2016,,5/2/2016,,123,1/23/2016,23,12.72272727,12.71193323,21,125,104,2.837727273,2.637272727,21,125,104,1165.36,703.46,21,125,104,2.977181157,1.247390184,21,124,103
92,2,15,100_FBPC_160831,fbpc,1,august,2016,56.94,0.328533,0.043559,0.400693,0.466757255,4.67E-07,4.67E-05,4.67E-07,1.02E-07,0.0008949,8.94E-06,8.95E-06,1.95E-06,0.21863178,4.57390044,2.18E-01,0.284,0.5925,0.479325,0.052203,5.22E-05,0.052203,0.000141,0.14147,2016,2016,,8/31/2016,,244,5/23/2016,144,11.98125,12.33665478,146,245,99,7.612916667,5.335916667,146,245,99,2864.54,1511.41,146,245,99,10.57549509,3.194938413,146,244,98
93,2,16,101_FBPC_160831,fbpc,1,august,2016,56.98,0.331133,0.02824,0.31231,0.470781627,4.71E-07,4.71E-05,4.71E-07,6.62E-08,0.00096412,9.63E-06,9.64E-06,1.35E-06,0.14062632,7.11104414,1.41E-01,0.295,0.5625,0.524444,0.048873,4.89E-05,0.048873,0.000132,0.132445,2016,2016,,8/31/2016,,244,5/23/2016,144,11.98125,12.33665478,146,245,99,7.612916667,5.335916667,146,245,99,2864.54,1511.41,146,245,99,10.57549509,3.194938413,146,244,98
94,2,17,104_FBPC_160831,fbpc,1,august,2016,57.07,0.338513,0.023243,0.213241,0.482033321,4.82E-07,4.82E-05,4.82E-07,5.46E-08,0.00069694,6.96E-06,6.96E-06,7.89E-07,0.1132233,8.83210461,1.13E-01,0.363,0.6035,0.601491,0.069224,6.92E-05,0.069224,0.000188,0.187598,2016,2016,,8/31/2016,,244,5/23/2016,144,11.98125,12.33665478,146,245,99,7.612916667,5.335916667,146,245,99,2864.54,1511.41,146,245,99,10.57549509,3.194938413,146,244,98
95,2,18,106_FBPC_160831,fbpc,1,august,2016,57.02,0.370908,0.02619,0.218835,0.52770088,5.28E-07,5.28E-05,5.28E-07,6.14E-08,0.00080332,8.03E-06,8.03E-06,9.34E-07,0.11643552,8.58844469,1.16E-01,0.323,0.6235,0.518043,0.065747,6.57E-05,0.065747,0.000178,0.178174,2016,2016,,8/31/2016,,244,5/23/2016,144,11.98125,12.33665478,146,245,99,7.612916667,5.335916667,146,245,99,2864.54,1511.41,146,245,99,10.57549509,3.194938413,146,244,98
96,2,19,117_GAVI_150121,gavi,2,january,2015,56.91,0.273181,0.076516,0.507945,0.387912247,3.88E-07,3.88E-05,3.88E-07,1.79E-07,0.00082152,8.21E-06,8.21E-06,3.79E-06,0.46185944,2.16516089,4.61E-01,0.313,0.537,0.582868,0.04726,4.73E-05,0.04726,0.000128,0.128074,2014,2015,,1/21/2015,,21,10/13/2014,286,17.5365,17.31595615,286,20,99,0.086333698,0.094426015,286,20,99,475.05,503.5,286,20,99,0.434363789,0.490100055,286,19,
97,2,20,118_GAVI_150121,gavi,2,january,2015,57.11,0.244512,0.030078,0.145886,0.348422903,3.48E-07,3.49E-05,3.48E-07,7.07E-08,0.00070469,7.04E-06,7.03E-06,1.43E-06,0.20283916,4.93001454,2.03E-01,0.303,0.5585,0.542525,0.049487,4.95E-05,0.049487,0.000134,0.134109,2014,2015,,1/21/2015,,21,10/13/2014,286,17.5365,17.31595615,286,20,99,0.086333698,0.094426015,286,20,99,475.05,503.5,286,20,99,0.434363789,0.490100055,286,19,
98,2,21,120_GAVI_150518,gavi,2,may,2015,56.99,0.283926,0.021563,0.130722,0.403736137,4.04E-07,4.04E-05,4.04E-07,5.06E-08,0.00062567,6.25E-06,6.26E-06,7.83E-07,0.12523087,7.98525169,1.25E-01,0.377,0.572,0.659091,0.064585,6.46E-05,0.064585,0.000175,0.175025,2015,2015,,5/18/2015,,138,2/7/2015,38,14.56857143,14.93606229,36,140,104,0.839855101,0.839855101,36,140,104,2105.55,1345.63,36,140,104,5.351153979,2.428682752,36,139,103
99,2,22,121_GAVI_150121,gavi,2,january,2015,57.09,0.054757,0.008611,0.111269,0.078000008,7.80E-08,7.81E-06,7.80E-08,2.02E-08,0.00021052,2.10E-06,2.10E-06,5.45E-07,0.25930812,3.85641601,2.59E-01,0.285,0.4985,0.571715,0.037083,3.71E-05,0.037083,0.0001,0.100495,2014,2015,,1/21/2015,,21,10/13/2014,286,17.5365,17.31595615,286,20,99,0.086333698,0.094426015,286,20,99,475.05,503.5,286,20,99,0.434363789,0.490100055,286,19,
100,2,23,123_GAVI_150603,gavi,2,june,2015,56.97,0.201529,0.036751,0.183885,0.28646877,2.86E-07,2.87E-05,2.86E-07,8.61E-08,0.00036222,3.62E-06,3.61E-06,1.09E-06,0.3007094,3.32546969,3.01E-01,0.401,0.614,0.653094,0.079155,7.92E-05,0.079155,0.000215,0.214511,2015,2015,,6/3/2015,,154,2/23/2015,54,14.19,14.65736602,56,155,99,0.982534169,0.427254211,56,155,99,2589.65,1566.37,56,155,99,6.992563188,3.06412711,56,154,98
101,2,24,150_FBPC_170404,fbpc,1,april,2017,57.02,0.050551,0.020551,0.200869,0.071920193,7.19E-08,7.20E-06,7.19E-08,4.82E-08,0.0001608,1.61E-06,1.61E-06,1.08E-06,0.6703819,1.49168704,6.70E-01,0.33,0.509,0.64833,0.044766,4.48E-05,0.044766,0.000121,0.121316,2016,2017,,4/4/2017,,94,12/25/2016,360,11.4075,11.6741129,361,95,99,10.9105,9.1516,361,95,99,1206.53,683.44,361,95,99,4.499044862,1.5957321,356,94,
102,2,25,152_FBPC_170404,fbpc,1,april,2017,57.01,0.136881,0.021826,0.197706,0.194709766,1.95E-07,1.95E-05,1.95E-07,5.12E-08,0.00037089,3.71E-06,3.71E-06,9.74E-07,0.26293147,3.80327237,2.63E-01,0.336,0.5465,0.614822,0.052543,5.25E-05,0.052543,0.000142,0.142393,2016,2017,,4/4/2017,,94,12/25/2016,360,11.4075,11.6741129,361,95,99,10.9105,9.1516,361,95,99,1206.53,683.44,361,95,99,4.499044862,1.5957321,356,94,
103,2,26,153_FBPC_170404,fbpc,1,april,2017,57.09,0.149836,0.068392,0.425277,0.213437384,2.13E-07,2.14E-05,2.13E-07,1.61E-07,0.00046848,4.68E-06,4.67E-06,3.53E-06,0.75266008,1.32862102,7.56E-01,0.302,0.537,0.562384,0.045599,4.56E-05,0.045599,0.000124,0.123573,2016,2017,,4/4/2017,,94,12/25/2016,360,11.4075,11.6741129,361,95,99,10.9105,9.1516,361,95,99,1206.53,683.44,361,95,99,4.499044862,1.5957321,356,94,
104,2,27,154_FBPC_170404,fbpc,1,april,2017,56.93,0.160014,0.037028,0.331436,0.227296962,2.27E-07,2.27E-05,2.27E-07,8.67E-08,0.00039304,3.93E-06,3.92E-06,1.50E-06,0.38158032,2.6206802,3.82E-01,0.35,0.562,0.622776,0.057881,5.79E-05,0.057881,0.000157,0.156859,2016,2017,,4/4/2017,,94,12/25/2016,360,11.4075,11.6741129,361,95,99,10.9105,9.1516,361,95,99,1206.53,683.44,361,95,99,4.499044862,1.5957321,356,94,
105,2,28,170_FBPC_170627,fbpc,1,june,2017,56.96,0.091648,0.022923,0.309101,0.130252096,1.30E-07,1.30E-05,1.30E-07,5.37E-08,0.00037652,3.76E-06,3.75E-06,1.55E-06,0.41243137,2.4246458,4.13E-01,0.219,0.5495,0.398544,0.034624,3.46E-05,0.034624,9.38E-05,0.093831,2017,2017,,6/27/2017,,178,3/19/2017,78,11.52857143,12.05954449,76,180,104,10.11142857,6.688666667,76,180,104,2140.57,1012.17,76,180,104,5.441816888,1.559171723,76,179,103
106,2,29,171_FBPC_170627,fbpc,1,june,2017,57.04,0.141666,0.016553,0.239554,0.201623169,2.02E-07,2.02E-05,2.02E-07,3.88E-08,0.00051555,5.15E-06,5.16E-06,9.91E-07,0.19266891,5.19025111,1.92E-01,0.277,0.5195,0.533205,0.039143,3.91E-05,0.039143,0.000106,0.106076,2017,2017,,6/27/2017,,178,3/19/2017,78,11.52857143,12.05954449,76,180,104,10.11142857,6.688666667,76,180,104,2140.57,1012.17,76,180,104,5.441816888,1.559171723,76,179,103
107,2,30,174_FBPC_170627,fbpc,1,june,2017,56.84,0.138174,0.022168,0.322845,0.195963126,1.96E-07,1.96E-05,1.96E-07,5.18E-08,0.00047099,4.71E-06,4.71E-06,1.24E-06,0.26455032,3.77999917,2.64E-01,0.288,0.5255,0.548049,0.041642,4.16E-05,0.041642,0.000113,0.112851,2017,2017,,6/27/2017,,178,3/19/2017,78,11.52857143,12.05954449,76,180,104,10.11142857,6.688666667,76,180,104,2140.57,1012.17,76,180,104,5.441816888,1.559171723,76,179,103
108,2,31,179_FBPC_170627,fbpc,1,june,2017,57.01,0.140698,0.016332,0.283097,0.20013996,2.00E-07,2.00E-05,2.00E-07,3.83E-08,0.0005985,5.98E-06,5.98E-06,1.14E-06,0.1914046,5.22453494,1.92E-01,0.263,0.493,0.533469,0.033469,3.35E-05,0.033469,9.07E-05,0.090702,2017,2017,,6/27/2017,,178,3/19/2017,78,11.52857143,12.05954449,76,180,104,10.11142857,6.688666667,76,180,104,2140.57,1012.17,76,180,104,5.441816888,1.559171723,76,179,103
109,2,32,181_FBPC_170627,fbpc,1,june,2017,56.96,0.135321,0.013586,0.279464,0.192322713,1.92E-07,1.92E-05,1.92E-07,3.18E-08,0.00044686,4.46E-06,4.46E-06,7.38E-07,0.16554854,6.04052425,1.66E-01,0.27,0.552,0.48913,0.043077,4.31E-05,0.043077,0.000117,0.116737,2017,2017,,6/27/2017,,178,3/19/2017,78,11.52857143,12.05954449,76,180,104,10.11142857,6.688666667,76,180,104,2140.57,1012.17,76,180,104,5.441816888,1.559171723,76,179,103
110,2,33,182_FBPC_170627,fbpc,1,june,2017,57,0.156318,0.021291,0.366949,0.222319974,2.22E-07,2.23E-05,2.22E-07,4.99E-08,0.00064676,6.46E-06,6.45E-06,1.45E-06,0.2245904,4.45254999,2.25E-01,0.272,0.4915,0.553408,0.034404,3.44E-05,0.034404,9.32E-05,0.093236,2017,2017,,6/27/2017,,178,3/19/2017,78,11.52857143,12.05954449,76,180,104,10.11142857,6.688666667,76,180,104,2140.57,1012.17,76,180,104,5.441816888,1.559171723,76,179,103
111,2,34,197_FBPC_170809,fbpc,1,august,2017,56.97,0.295568,0.0363,0.372863,0.420143783,4.20E-07,4.21E-05,4.20E-07,8.51E-08,0.0009205,9.20E-06,9.19E-06,1.86E-06,0.20251471,4.93791292,2.03E-01,0.29,0.5485,0.528715,0.045683,4.57E-05,0.045683,0.000124,0.1238,2017,2017,,8/9/2017,,221,5/1/2017,121,12,12.56673387,121,220,99,7.725,4.6424,121,220,99,3429.37,1362.45,121,220,99,10.16785175,2.617360322,121,219,98
112,2,35,201_FBPC_170809,fbpc,1,august,2017,57.11,0.249048,0.035867,0.421601,0.354886219,3.55E-07,3.55E-05,3.55E-07,8.43E-08,0.0007001,6.99E-06,7.00E-06,1.66E-06,0.23747523,4.21096549,2.37E-01,0.318,0.552,0.576087,0.050735,5.07E-05,0.050735,0.000137,0.137491,2017,2017,,8/9/2017,,221,5/1/2017,121,12,12.56673387,121,220,99,7.725,4.6424,121,220,99,3429.37,1362.45,121,220,99,10.16785175,2.617360322,121,219,98
113,2,36,205_FBPC_170809,fbpc,1,august,2017,56.99,0.262179,0.02725,0.338026,0.372812672,3.73E-07,3.73E-05,3.73E-07,6.39E-08,0.00103063,1.03E-05,1.03E-05,1.76E-06,0.1713849,5.83481979,1.71E-01,0.269,0.507,0.530572,0.036205,3.62E-05,0.036205,9.81E-05,0.098115,2017,2017,,8/9/2017,,221,5/1/2017,121,12,12.56673387,121,220,99,7.725,4.6424,121,220,99,3429.37,1362.45,121,220,99,10.16785175,2.617360322,121,219,98
114,2,37,206_FBPC_170809,fbpc,1,august,2017,57.04,0.196386,0.025425,0.308707,0.279500858,2.80E-07,2.80E-05,2.80E-07,5.97E-08,0.00075485,7.54E-06,7.56E-06,1.61E-06,0.21348036,4.68427174,2.13E-01,0.27,0.512,0.527344,0.03706,3.71E-05,0.03706,0.0001,0.100432,2017,2017,,8/9/2017,,221,5/1/2017,121,12,12.56673387,121,220,99,7.725,4.6424,121,220,99,3429.37,1362.45,121,220,99,10.16785175,2.617360322,121,219,98
115,2,38,207_FBPC_170809,fbpc,1,august,2017,56.91,0.2859,0.032343,0.324925,0.405973043,4.06E-07,4.06E-05,4.06E-07,7.57E-08,0.00084102,8.40E-06,8.40E-06,1.57E-06,0.18654445,5.36065263,1.86E-01,0.284,0.57,0.498246,0.048313,4.83E-05,0.048313,0.000131,0.130929,2017,2017,,8/9/2017,,221,5/1/2017,121,12,12.56673387,121,220,99,7.725,4.6424,121,220,99,3429.37,1362.45,121,220,99,10.16785175,2.617360322,121,219,98
116,2,39,211_FBPC_170809,fbpc,1,august,2017,56.98,0.335527,0.044027,0.471325,0.477028547,4.77E-07,4.77E-05,4.77E-07,1.03E-07,0.0009056,9.05E-06,9.05E-06,1.95E-06,0.21637421,4.62162289,2.16E-01,0.311,0.569,0.546573,0.052721,5.27E-05,0.052721,0.000143,0.142874,2017,2017,,8/9/2017,,221,5/1/2017,121,12,12.56673387,121,220,99,7.725,4.6424,121,220,99,3429.37,1362.45,121,220,99,10.16785175,2.617360322,121,219,98
117,2,40,278_FBPC_170822,fbpc,1,august,2017,56.95,0.328272,0.038165,0.44499,0.466467274,4.66E-07,4.67E-05,4.66E-07,8.94E-08,0.00104549,1.04E-05,1.04E-05,2.00E-06,0.19171123,5.2161785,1.92E-01,0.284,0.548,0.518248,0.044656,4.47E-05,0.044656,0.000121,0.121017,2017,2017,,8/22/2017,,234,5/14/2017,134,12.39,12.947866,136,235,99,5.3455,2.9456,136,235,99,3365.68,1338.51,136,235,99,11.11303231,2.518915517,136,234,98
118,2,41,282_FBPC_170822,fbpc,1,august,2017,56.84,0.369524,0.026454,0.315236,0.524071272,5.24E-07,5.25E-05,5.24E-07,6.19E-08,0.00081195,8.11E-06,8.11E-06,9.58E-07,0.1180497,8.47100866,1.18E-01,0.322,0.619,0.520194,0.0646,6.46E-05,0.0646,0.000175,0.175067,2017,2017,,8/22/2017,,234,5/14/2017,134,12.39,12.947866,136,235,99,5.3455,2.9456,136,235,99,3365.68,1338.51,136,235,99,11.11303231,2.518915517,136,234,98
119,2,42,284_FBPC_170822,fbpc,1,august,2017,56.94,0.395387,0.030774,0.313569,0.561737506,5.62E-07,5.62E-05,5.62E-07,7.21E-08,0.00102408,1.02E-05,1.02E-05,1.31E-06,0.12834397,7.7915621,1.28E-01,0.325,0.568,0.572183,0.054901,5.49E-05,0.054901,0.000149,0.148781,2017,2017,,8/22/2017,,234,5/14/2017,134,12.39,12.947866,136,235,99,5.3455,2.9456,136,235,99,3365.68,1338.51,136,235,99,11.11303231,2.518915517,136,234,98
120,2,43,285_FBPC_170822,fbpc,1,august,2017,56.95,0.421942,0.044528,0.414543,0.599570502,6.00E-07,6.00E-05,6.00E-07,1.04E-07,0.0008551,8.54E-06,8.55E-06,1.48E-06,0.17401518,5.74662498,1.73E-01,0.368,0.6035,0.609776,0.070178,7.02E-05,0.070178,0.00019,0.190182,2017,2017,,8/22/2017,,234,5/14/2017,134,12.39,12.947866,136,235,99,5.3455,2.9456,136,235,99,3365.68,1338.51,136,235,99,11.11303231,2.518915517,136,234,98
121,2,44,286_FBPC_170822,fbpc,1,august,2017,56.95,0.371088,0.033972,0.418888,0.527308392,5.27E-07,5.28E-05,5.27E-07,7.96E-08,0.00087697,8.76E-06,8.76E-06,1.32E-06,0.15095802,6.6243581,1.51E-01,0.333,0.5875,0.566809,0.060181,6.02E-05,0.060181,0.000163,0.16309,2017,2017,,8/22/2017,,234,5/14/2017,134,12.39,12.947866,136,235,99,5.3455,2.9456,136,235,99,3365.68,1338.51,136,235,99,11.11303231,2.518915517,136,234,98
122,2,45,287_FBPC_170822,fbpc,1,august,2017,56.78,0.412659,0.033391,0.37018,0.584629029,5.85E-07,5.85E-05,5.85E-07,7.80E-08,0.00098795,9.87E-06,9.88E-06,1.32E-06,0.13343018,7.49455648,1.33E-01,0.303,0.611,0.495908,0.059228,5.92E-05,0.059228,0.000161,0.160507,2017,2017,,8/22/2017,,234,5/14/2017,134,12.39,12.947866,136,235,99,5.3455,2.9456,136,235,99,3365.68,1338.51,136,235,99,11.11303231,2.518915517,136,234,98
123,2,46,290_FBPC_170822,fbpc,1,august,2017,57.08,0.395342,0.033291,0.276653,0.563055785,5.63E-07,5.64E-05,5.63E-07,7.82E-08,0.00090838,9.08E-06,9.08E-06,1.26E-06,0.13885437,7.20178968,1.39E-01,0.299,0.6295,0.47498,0.062038,6.20E-05,0.062038,0.000168,0.168124,2017,2017,,8/22/2017,,234,5/14/2017,134,12.39,12.947866,136,235,99,5.3455,2.9456,136,235,99,3365.68,1338.51,136,235,99,11.11303231,2.518915517,136,234,98
124,2,47,291_FBPC_170822,fbpc,1,august,2017,57.05,0.285002,0.027913,0.370793,0.405693192,4.06E-07,4.06E-05,4.06E-07,6.55E-08,0.00093396,9.33E-06,9.34E-06,1.51E-06,0.16149764,6.192041,1.61E-01,0.277,0.5475,0.505936,0.043476,4.35E-05,0.043476,0.000118,0.117819,2017,2017,,8/22/2017,,234,5/14/2017,134,12.39,12.947866,136,235,99,5.3455,2.9456,136,235,99,3365.68,1338.51,136,235,99,11.11303231,2.518915517,136,234,98
125,2,48,294_FBPC_170822,fbpc,1,august,2017,57.09,0.389939,0.035214,0.379566,0.555457609,5.55E-07,5.56E-05,5.55E-07,8.27E-08,0.00120595,1.20E-05,1.20E-05,1.79E-06,0.14891206,6.71537263,1.49E-01,0.29,0.551,0.526316,0.0461,4.61E-05,0.0461,0.000125,0.124931,2017,2017,,8/22/2017,,234,5/14/2017,134,12.39,12.947866,136,235,99,5.3455,2.9456,136,235,99,3365.68,1338.51,136,235,99,11.11303231,2.518915517,136,234,98
126,2,49,297_FBPC_170822,fbpc,1,august,2017,57.04,0.379073,0.03297,0.344967,0.539506156,5.40E-07,5.40E-05,5.40E-07,7.74E-08,0.00084211,8.41E-06,8.42E-06,1.21E-06,0.14341681,6.97268331,1.43E-01,0.353,0.589,0.599321,0.064122,6.41E-05,0.064122,0.000174,0.173769,2017,2017,,8/22/2017,,234,5/14/2017,134,12.39,12.947866,136,235,99,5.3455,2.9456,136,235,99,3365.68,1338.51,136,235,99,11.11303231,2.518915517,136,234,98
127,2,50,298_FBPC_170918,fbpc,1,september,2017,56.97,0.47567,0.041793,0.358232,0.676154286,6.76E-07,6.77E-05,6.76E-07,9.80E-08,0.00095415,9.53E-06,9.53E-06,1.38E-06,0.14488137,6.90219865,1.45E-01,0.337,0.634,0.531546,0.070926,7.09E-05,0.070926,0.000192,0.19221,2017,2017,,9/18/2017,,261,6/10/2017,161,13.065,13.60179901,161,260,99,2.6585,1.0108,161,260,99,2985.39,1321.94,161,260,99,8.343634311,2.333002418,161,259,98
128,2,51,299_FBPC_170918,fbpc,1,september,2017,57.05,0.5435,0.04229,0.377884,0.773658004,7.74E-07,7.74E-05,7.74E-07,9.93E-08,0.00083389,8.33E-06,8.34E-06,1.07E-06,0.12830777,7.79376033,1.28E-01,0.414,0.6545,0.632544,0.092858,9.29E-05,0.092858,0.000252,0.251645,2017,2017,,9/18/2017,,261,6/10/2017,161,13.065,13.60179901,161,260,99,2.6585,1.0108,161,260,99,2985.39,1321.94,161,260,99,8.343634311,2.333002418,161,259,98
129,2,52,302_FBPC_170918,fbpc,1,september,2017,57.08,1.15689,0.082114,0.377129,1.647669706,1.65E-06,0.000165,1.65E-06,1.93E-07,0.00068441,6.84E-06,6.85E-06,8.01E-07,0.11704061,8.54404297,1.17E-01,0.47,0.9895,0.474987,0.240951,0.000241,0.240951,0.000653,0.652976,2017,2017,,9/18/2017,,261,6/10/2017,161,13.065,13.60179901,161,260,99,2.6585,1.0108,161,260,99,2985.39,1321.94,161,260,99,8.343634311,2.333002418,161,259,98
